Workbook

Sheet WBS
A1: CELLECT 팀 WBS — LFP Lot 평가 리드타임 단축
A2: 초기 충·방전 데이터 기반 LFP 양극재 로트 품질 조기 판정 AI | 멘토: 김용국 (엘앤에프) | 기간: 2026.10.22 ~ 11.30
A3: 작성 방법: 노란 칸(진행률)에 0~100%를 입력하면 상태, 단계별 진행률, 전체 진행률, 간트 차트가 자동으로 바뀝니다. 시작일·종료일·담당도 고쳐 쓸 수 있습니다.
A4: 전체 진행률 | C4: =IFERROR(SUMPRODUCT(ISNUMBER(SEARCH(".",$A$7:$A$26))*$G$7:$G$26*$H$7:$H$26)/SUMPRODUCT(ISNUMBER(SEARCH(".",$A$7:$A$26))*$G$7:$G$26),0) -> 0.018181818 | L4: =CHOOSE(WEEKDAY(L6),"일","월","화","수","목","금","토") -> 목 | M4: =CHOOSE(WEEKDAY(M6),"일","월","화","수","목","금","토") -> 금 | N4: =CHOOSE(WEEKDAY(N6),"일","월","화","수","목","금","토") -> 토 | O4: =CHOOSE(WEEKDAY(O6),"일","월","화","수","목","금","토") -> 일 | P4: =CHOOSE(WEEKDAY(P6),"일","월","화","수","목","금","토") -> 월 | Q4: =CHOOSE(WEEKDAY(Q6),"일","월","화","수","목","금","토") -> 화 | R4: =CHOOSE(WEEKDAY(R6),"일","월","화","수","목","금","토") -> 수 | S4: =CHOOSE(WEEKDAY(S6),"일","월","화","수","목","금","토") -> 목 | ... AY4: =CHOOSE(WEEKDAY(AY6),"일","월","화","수","목","금","토") -> 월
L5: 10월 | V5: 11월
A6: WBS | B6: 단계 / 작업 | C6: 산출물 | D6: 담당 | E6: 시작일 | F6: 종료일 | G6: 기간(일) | H6: 진행률 | I6: 상태 | J6: 비고 | L6: 46317 | M6: 46318 | N6: 46319 | O6: 46320 | P6: 46321 | Q6: 46322 | R6: 46323 | S6: 46324 | T6: 46325 | U6: 46326 | V6: 46327 | W6: 46328 | X6: 46329 | Y6: 46330 | Z6: 46331 | AA6: 46332 | AB6: 46333 | AC6: 46334 | AD6: 46335 | AE6: 46336 | AF6: 46337 | AG6: 46338 | AH6: 46339 | AI6: 46340 | AJ6: 46341 | AK6: 46342 | AL6: 46343 | AM6: 46344 | AN6: 46345 | AO6: 46346 | AP6: 46347 | AQ6: 46348 | AR6: 46349 | AS6: 46350 | AT6: 46351 | AU6: 46352 | AV6: 46353 | AW6: 46354 | AX6: 46355 | AY6: 46356
A7: 1 | B7: 기획·준비 | E7: =MIN(E8:E9) -> 46317 | F7: =MAX(F8:F9) -> 46326 | G7: =F7-E7+1 -> 10 | H7: =IFERROR(SUMPRODUCT(G8:G9,H8:H9)/SUM(G8:G9),0) -> 0.5 | I7: =IF(H7>=1,"완료",IF(H7>0,IF(TODAY()>F7,"지연","진행 중"),IF(TODAY()>F7,"지연","예정"))) -> 진행 중
A8: 1.1 | B8: 주제 선정 및 계획서 작성·제출 | C8: 계획서 | D8: 조세현 | E8: 46317 | F8: 46317 | G8: =F8-E8+1 -> 1 | H8: 1 | I8: =IF(H8>=1,"완료",IF(H8>0,IF(TODAY()>F8,"지연","진행 중"),IF(TODAY()>F8,"지연","예정"))) -> 완료
A9: 1.2 | B9: 현직자 멘토링 (김용국 멘토님) | C9: 멘토링 질문·피드백 정리 | D9: 전원 | E9: 46326 | F9: 46326 | G9: =F9-E9+1 -> 1 | H9: 0 | I9: =IF(H9>=1,"완료",IF(H9>0,IF(TODAY()>F9,"지연","진행 중"),IF(TODAY()>F9,"지연","예정"))) -> 예정 | J9: 10/31(토) 멘토링
A10: 2 | B10: 1차 목표 (~10/30) | E10: =MIN(E11:E12) -> 46321 | F10: =MAX(F11:F12) -> 46325 | G10: =F10-E10+1 -> 5 | H10: =IFERROR(SUMPRODUCT(G11:G12,H11:H12)/SUM(G11:G12),0) -> 0 | I10: =IF(H10>=1,"완료",IF(H10>0,IF(TODAY()>F10,"지연","진행 중"),IF(TODAY()>F10,"지연","예정"))) -> 예정
A11: 2.1 | B11: 오픈소스 PyBaMM 시뮬레이션으로 LFP 데이터 생성 | C11: 가상 로트 데이터(CSV) | D11: 이혜민 | E11: 46321 | F11: 46325 | G11: =F11-E11+1 -> 5 | H11: 0 | I11: =IF(H11>=1,"완료",IF(H11>0,IF(TODAY()>F11,"지연","진행 중"),IF(TODAY()>F11,"지연","예정"))) -> 예정 | J11: 1차 마감 10/30
A12: 2.2 | B12: 현장 적용에 필요한 데이터 요건 정리 | C12: 데이터 요건 정리본 | D12: 조세현 | E12: 46321 | F12: 46325 | G12: =F12-E12+1 -> 5 | H12: 0 | I12: =IF(H12>=1,"완료",IF(H12>0,IF(TODAY()>F12,"지연","진행 중"),IF(TODAY()>F12,"지연","예정"))) -> 예정
A13: 3 | B13: 2차 목표 (~11/6) | E13: =MIN(E14:E16) -> 46328 | F13: =MAX(F14:F16) -> 46332 | G13: =F13-E13+1 -> 5 | H13: =IFERROR(SUMPRODUCT(G14:G16,H14:H16)/SUM(G14:G16),0) -> 0 | I13: =IF(H13>=1,"완료",IF(H13>0,IF(TODAY()>F13,"지연","진행 중"),IF(TODAY()>F13,"지연","예정"))) -> 예정
A14: 3.1 | B14: 데이터 분석 및 데이터 분석 PDF 생성 | C14: 데이터 분석 PDF | D14: 이혜민 | E14: 46328 | F14: 46332 | G14: =F14-E14+1 -> 5 | H14: 0 | I14: =IF(H14>=1,"완료",IF(H14>0,IF(TODAY()>F14,"지연","진행 중"),IF(TODAY()>F14,"지연","예정"))) -> 예정
A15: 3.2 | B15: 초반 N번째 사이클 기반 기준수명 이상 합불 판별 모델 개발 | C15: 판별 모델 코드 | D15: 손현호 | E15: 46328 | F15: 46332 | G15: =F15-E15+1 -> 5 | H15: 0 | I15: =IF(H15>=1,"완료",IF(H15>0,IF(TODAY()>F15,"지연","진행 중"),IF(TODAY()>F15,"지연","예정"))) -> 예정 | J15: 판정: 합격·보류 (불합격 의심 표시)
A16: 3.3 | B16: 평가 기간·비용 절감 및 공급 여력 효과 정량화 자료 생성 | C16: 정량화 자료 | D16: 이도홍 | E16: 46328 | F16: 46332 | G16: =F16-E16+1 -> 5 | H16: 0 | I16: =IF(H16>=1,"완료",IF(H16>0,IF(TODAY()>F16,"지연","진행 중"),IF(TODAY()>F16,"지연","예정"))) -> 예정
A17: 4 | B17: 3차 목표 (~11/13) | E17: =MIN(E18:E19) -> 46335 | F17: =MAX(F18:F19) -> 46339 | G17: =F17-E17+1 -> 5 | H17: =IFERROR(SUMPRODUCT(G18:G19,H18:H19)/SUM(G18:G19),0) -> 0 | I17: =IF(H17>=1,"완료",IF(H17>0,IF(TODAY()>F17,"지연","진행 중"),IF(TODAY()>F17,"지연","예정"))) -> 예정
A18: 4.1 | B18: 개발 모델에 대한 PDF 생성 | C18: 개발 모델 PDF | D18: 손현호 | E18: 46335 | F18: 46339 | G18: =F18-E18+1 -> 5 | H18: 0 | I18: =IF(H18>=1,"완료",IF(H18>0,IF(TODAY()>F18,"지연","진행 중"),IF(TODAY()>F18,"지연","예정"))) -> 예정
A19: 4.2 | B19: Streamlit 로트 판정 대시보드 생성 및 구현 | C19: 대시보드 | D19: 김정민 | E19: 46335 | F19: 46339 | G19: =F19-E19+1 -> 5 | H19: 0 | I19: =IF(H19>=1,"완료",IF(H19>0,IF(TODAY()>F19,"지연","진행 중"),IF(TODAY()>F19,"지연","예정"))) -> 예정
A20: 5 | B20: 4차 목표 (~11/20) | E20: =MIN(E21:E23) -> 46342 | F20: =MAX(F21:F23) -> 46346 | G20: =F20-E20+1 -> 5 | H20: =IFERROR(SUMPRODUCT(G21:G23,H21:H23)/SUM(G21:G23),0) -> 0 | I20: =IF(H20>=1,"완료",IF(H20>0,IF(TODAY()>F20,"지연","진행 중"),IF(TODAY()>F20,"지연","예정"))) -> 예정
A21: 5.1 | B21: Streamlit 로트 판정 대시보드 구현 PDF 제작 | C21: 대시보드 구현 PDF | D21: 김정민 | E21: 46342 | F21: 46346 | G21: =F21-E21+1 -> 5 | H21: 0 | I21: =IF(H21>=1,"완료",IF(H21>0,IF(TODAY()>F21,"지연","진행 중"),IF(TODAY()>F21,"지연","예정"))) -> 예정
A22: 5.2 | B22: 평가 기간·비용 절감 및 공급 여력 효과 발표자료 PDF 제작 | C22: 발표자료 PDF | D22: 이도홍 | E22: 46342 | F22: 46346 | G22: =F22-E22+1 -> 5 | H22: 0 | I22: =IF(H22>=1,"완료",IF(H22>0,IF(TODAY()>F22,"지연","진행 중"),IF(TODAY()>F22,"지연","예정"))) -> 예정
A23: 5.3 | B23: 초안 전체 검토 | C23: 검토 의견 | D23: 전원 (조세현 주관) | E23: 46345 | F23: 46346 | G23: =F23-E23+1 -> 2 | H23: 0 | I23: =IF(H23>=1,"완료",IF(H23>0,IF(TODAY()>F23,"지연","진행 중"),IF(TODAY()>F23,"지연","예정"))) -> 예정
A24: 6 | B24: 최종 목표 (~11/30) | E24: =MIN(E25:E26) -> 46349 | F24: =MAX(F25:F26) -> 46356 | G24: =F24-E24+1 -> 8 | H24: =IFERROR(SUMPRODUCT(G25:G26,H25:H26)/SUM(G25:G26),0) -> 0 | I24: =IF(H24>=1,"완료",IF(H24>0,IF(TODAY()>F24,"지연","진행 중"),IF(TODAY()>F24,"지연","예정"))) -> 예정
A25: 6.1 | B25: 초안 수정 후 최종안 제작 | C25: 최종 발표자료 | D25: 전원 | E25: 46349 | F25: 46353 | G25: =F25-E25+1 -> 5 | H25: 0 | I25: =IF(H25>=1,"완료",IF(H25>0,IF(TODAY()>F25,"지연","진행 중"),IF(TODAY()>F25,"지연","예정"))) -> 예정
A26: 6.2 | B26: LFP Lot 평가 리드타임 단축 결과 발표 | C26: 결과 발표 | D26: 조세현 (발표), 전원 | E26: 46356 | F26: 46356 | G26: =F26-E26+1 -> 1 | H26: 0 | I26: =IF(H26>=1,"완료",IF(H26>0,IF(TODAY()>F26,"지연","진행 중"),IF(TODAY()>F26,"지연","예정"))) -> 예정 | J26: 최종 발표 11/30(월)
B28: 범례
B29: 완료된 부분 (진행률만큼)
B30: 계획 기간
B31: 단계 전체 기간
B32: 하루짜리 일정 (멘토링·발표 등)
B33: 오늘
B34: 주말
A36: 참고
A37: · 각 차수의 마감일은 계획서 기준이며, 시작일은 직전 마감 다음 월요일로 임의 배정했습니다.
A38: · 담당자는 계획서 업무 분장(데이터 생성·판정 모델·효과 분석·대시보드)을 바탕으로 임의 배정했습니다. 팀 협의 후 수정하세요.
A39: · 멘토링 일정(10/31)은 별도 공지 기준이며, 계획서에는 없는 항목입니다.

Sheet 산출물
A1: 필요 자료 (산출물) 목록
A3: 산출물 | B3: 관련 WBS | C3: 담당 | D3: 마감일 | E3: 상태
A4: 데이터 분석 PDF | B4: 3.1 | C4: =INDEX(WBS!$D$7:$D$26,MATCH(B4,WBS!$A$7:$A$26,0)) -> 이혜민 | D4: =INDEX(WBS!$F$7:$F$26,MATCH(B4,WBS!$A$7:$A$26,0)) -> 46332 | E4: =INDEX(WBS!$I$7:$I$26,MATCH(B4,WBS!$A$7:$A$26,0)) -> 예정
A5: 개발 모델 PDF | B5: 4.1 | C5: =INDEX(WBS!$D$7:$D$26,MATCH(B5,WBS!$A$7:$A$26,0)) -> 손현호 | D5: =INDEX(WBS!$F$7:$F$26,MATCH(B5,WBS!$A$7:$A$26,0)) -> 46339 | E5: =INDEX(WBS!$I$7:$I$26,MATCH(B5,WBS!$A$7:$A$26,0)) -> 예정
A6: 대시보드 구현 PDF | B6: 5.1 | C6: =INDEX(WBS!$D$7:$D$26,MATCH(B6,WBS!$A$7:$A$26,0)) -> 김정민 | D6: =INDEX(WBS!$F$7:$F$26,MATCH(B6,WBS!$A$7:$A$26,0)) -> 46346 | E6: =INDEX(WBS!$I$7:$I$26,MATCH(B6,WBS!$A$7:$A$26,0)) -> 예정
A7: 발표자료 PDF | B7: 5.2 | C7: =INDEX(WBS!$D$7:$D$26,MATCH(B7,WBS!$A$7:$A$26,0)) -> 이도홍 | D7: =INDEX(WBS!$F$7:$F$26,MATCH(B7,WBS!$A$7:$A$26,0)) -> 46346 | E7: =INDEX(WBS!$I$7:$I$26,MATCH(B7,WBS!$A$7:$A$26,0)) -> 예정
A8: 최종 결과 발표 | B8: 6.2 | C8: =INDEX(WBS!$D$7:$D$26,MATCH(B8,WBS!$A$7:$A$26,0)) -> 조세현 (발표), 전원 | D8: =INDEX(WBS!$F$7:$F$26,MATCH(B8,WBS!$A$7:$A$26,0)) -> 46356 | E8: =INDEX(WBS!$I$7:$I$26,MATCH(B8,WBS!$A$7:$A$26,0)) -> 예정
A10: 담당·마감일·상태는 WBS 시트에서 자동으로 가져옵니다.
